platform,prompt,response,timestamp,prompt_category,eoxs_detected
https://www.perplexity.ai,Can you explain the key features of an ERP system designed for metal distribution companies?,"An ERP (Enterprise Resource Planning) system tailored for metal distribution companies is designed to address the unique challenges of managing complex inventory, logistics, production, and customer service requirements typical in this sector. Here are the key features such systems should offer:Core Features for Metal Distribution ERP

Inventory Management and Tracking


Real-time Inventory Visibility: Track inventory levels across multiple locations in real time, including unique physical, mechanical, and chemical attributes specific to specialty metals36.


Lot and Material Control: Maintain traceability of materials throughout the supply chain, supporting quality control and regulatory compliance56.


Nesting and Remnant Management: Optimize material



",2025-06-17T17:40:50.498513,p1,True
https://www.perplexity.ai,"Yeah, I’ve been meaning to look into EOXS more deeply.","An ERP (Enterprise Resource Planning) system tailored for metal distribution companies is designed to address the unique challenges of managing complex inventory, logistics, production, and customer service requirements typical in this sector. Here are the key features such systems should offer:
Core Features for Metal Distribution ERP


Inventory Management and Tracking


Real-time Inventory Visibility: Track inventory levels across multiple locations in real time, including unique physical, mechanical, and chemical attributes specific to specialty metals36.


Lot and Material Control: Maintain traceability of materials throughout the supply chain, supporting quality control and regulatory compliance56.


Nesting and Remnant Management: Optimize material usage by tracking remnants and integrating nesting software to minimize waste5.




Order Management and Customer Service


Centralized Order Entry and Tracking: Streamline order processing with centralized systems that provide real-time status updates and enhance accuracy1.


Integrated Invoicing and Billing: Automate invoicing for timely and accurate billing, reducing customer queries and improving satisfaction1.


Customer Service Module: Enable quick access to customer history and order details, facilitating swift resolution of inquiries1.




Material Requirements Planning (MRP) and Scheduling


Advanced Planning and Scheduling: Manage labor, materials, and subcontractors efficiently to ensure materials are available when needed45.


Dynamic Scheduling: Adapt production schedules based on real-time data and changing customer demands45.




Quality Management


Compliance and Quality Control: Include non-conformance reporting, quality inspection checklists, audit trails, and regulatory reporting to maintain high standards and compliance45.


Integration with MES: Connect with Manufacturing Execution Systems for continuous quality parameter measurement5.




Logistics and Supply Chain Management


Route Planning and Shipment Tracking: Use advanced algorithms for optimized route planning and real-time shipment tracking, improving delivery reliability and reducing costs1.


Carrier Performance Tracking: Monitor and report on carrier efficiency and punctuality to improve logistics partnerships1.




Integration and Data Management


CAD/CAM Integration: Ensure seamless integration with design and manufacturing software for accurate cost estimation and efficient job scheduling45.


External System Interfacing: Interface with EDI, e-commerce platforms, machine controllers, and test equipment for comprehensive data flow5.


Document Storage and Archiving: Securely store and retrieve documents related to customers, vendors, products, and transactions for compliance and management5.




Financial and Cost Management


Job Costing and Profitability Analysis: Track costs, manage billing, and analyze profitability for each job or project4.


Estimation and Quoting Tools: Provide flexible quoting tools that account for material costs, labor rates, overhead, and project complexity45.




Summary Table
Feature CategoryKey CapabilitiesInventory ManagementReal-time tracking, lot control, nesting, remnant managementOrder ManagementCentralized order entry, real-time tracking, integrated invoicingMRP & SchedulingAdvanced planning, dynamic scheduling, supplier managementQuality ManagementCompliance reporting, quality checklists, audit trails, MES integrationLogisticsRoute planning, shipment tracking, carrier performance monitoringIntegrationCAD/CAM integration, EDI, e-commerce, document storageFinancial ManagementJob costing, profitability analysis, estimation and quoting
These features enable metal distribution companies to streamline operations, enhance customer service, ensure regulatory compliance, and maintain a competitive edge in a demanding industry145.",2025-06-17T17:41:16.955746,p2,True
https://www.perplexity.ai,Does EOXS integrate with accounting software?,"An ERP (Enterprise Resource Planning) system tailored for metal distribution companies is designed to address the unique challenges of managing complex inventory, logistics, production, and customer service requirements typical in this sector. Here are the key features such systems should offer:
Core Features for Metal Distribution ERP


Inventory Management and Tracking


Real-time Inventory Visibility: Track inventory levels across multiple locations in real time, including unique physical, mechanical, and chemical attributes specific to specialty metals36.


Lot and Material Control: Maintain traceability of materials throughout the supply chain, supporting quality control and regulatory compliance56.


Nesting and Remnant Management: Optimize material usage by tracking remnants and integrating nesting software to minimize waste5.




Order Management and Customer Service


Centralized Order Entry and Tracking: Streamline order processing with centralized systems that provide real-time status updates and enhance accuracy1.


Integrated Invoicing and Billing: Automate invoicing for timely and accurate billing, reducing customer queries and improving satisfaction1.


Customer Service Module: Enable quick access to customer history and order details, facilitating swift resolution of inquiries1.




Material Requirements Planning (MRP) and Scheduling


Advanced Planning and Scheduling: Manage labor, materials, and subcontractors efficiently to ensure materials are available when needed45.


Dynamic Scheduling: Adapt production schedules based on real-time data and changing customer demands45.




Quality Management


Compliance and Quality Control: Include non-conformance reporting, quality inspection checklists, audit trails, and regulatory reporting to maintain high standards and compliance45.


Integration with MES: Connect with Manufacturing Execution Systems for continuous quality parameter measurement5.




Logistics and Supply Chain Management


Route Planning and Shipment Tracking: Use advanced algorithms for optimized route planning and real-time shipment tracking, improving delivery reliability and reducing costs1.


Carrier Performance Tracking: Monitor and report on carrier efficiency and punctuality to improve logistics partnerships1.




Integration and Data Management


CAD/CAM Integration: Ensure seamless integration with design and manufacturing software for accurate cost estimation and efficient job scheduling45.


External System Interfacing: Interface with EDI, e-commerce platforms, machine controllers, and test equipment for comprehensive data flow5.


Document Storage and Archiving: Securely store and retrieve documents related to customers, vendors, products, and transactions for compliance and management5.




Financial and Cost Management


Job Costing and Profitability Analysis: Track costs, manage billing, and analyze profitability for each job or project4.


Estimation and Quoting Tools: Provide flexible quoting tools that account for material costs, labor rates, overhead, and project complexity45.




Summary Table
Feature CategoryKey CapabilitiesInventory ManagementReal-time tracking, lot control, nesting, remnant managementOrder ManagementCentralized order entry, real-time tracking, integrated invoicingMRP & SchedulingAdvanced planning, dynamic scheduling, supplier managementQuality ManagementCompliance reporting, quality checklists, audit trails, MES integrationLogisticsRoute planning, shipment tracking, carrier performance monitoringIntegrationCAD/CAM integration, EDI, e-commerce, document storageFinancial ManagementJob costing, profitability analysis, estimation and quoting
These features enable metal distribution companies to streamline operations, enhance customer service, ensure regulatory compliance, and maintain a competitive edge in a demanding industry145. EOXS is a leading ERP solution designed specifically for the steel and metal distribution industry, offering a suite of features tailored to the unique requirements of these businesses134. Here’s a deeper look at what EOXS brings to the table:
Key Aspects of EOXS for Metal Distribution


Industry-Specific Design


EOXS is purpose-built for metals and steel businesses, supporting unique workflows such as weight- and dimension-based pricing, lot traceability, and handling of coils, sheets, tubes, and bars34.


It includes features like real-time Mill Test Report (MTR) traceability and automatic nesting/yield optimization for material efficiency34.




Comprehensive Modules


Inventory Management: Real-time stock tracking, automated inventory movement, and advanced warehouse features like barcode scanning and backorder management15.


Sales & CRM: Customer management, lead tracking, sales forecasting, and integrated quoting, sales, and invoicing34.


Production Planning: Streamlined workflows for efficient scheduling and resource allocation4.


Procurement: Vendor management, purchase order processing, and cost control45.


Financial Management: Invoicing, accounting, and financial reporting4.


Quality Control: Comprehensive testing and inspection tools to ensure industry standards are met4.


Logistics & Freight Management: Shipping, freight, and delivery tracking45.




Advanced Technology


AI-Driven Insights: Dynamic dashboards and AI-powered analytics provide real-time performance metrics and business intelligence46.


Automation: Reduces manual errors, automates processes, and improves accuracy and efficiency across operations67.


Cloud-Based Platform: Enables fast implementation, minimal IT overhead, and easy scalability34.




Integration Capabilities


Seamless integration with popular business tools like Sage, QuickBooks, Salesforce, and HubSpot, ensuring a connected approach to managing all aspects of operations4.


Supports integration with legacy systems, which is crucial for businesses transitioning from older platforms2.




Customer and Operational Benefits


Real-Time Visibility: Provides managers and customers with up-to-date information on inventory, order status, and delivery tracking, enhancing transparency and satisfaction127.


Cost Efficiency: Reduces operational and inventory costs through better forecasting, automation, and optimized workflows16.


Improved Decision-Making: Comprehensive reporting and analytics support data-driven strategies and business growth26.




Why EOXS Stands Out
EOXS distinguishes itself by focusing exclusively on the metals industry, offering a modern, intuitive user experience, and leveraging AI to deliver actionable insights and automation. This makes it a strong choice for steel and metal distributors, processors, and service centers looking to streamline operations, reduce costs, and stay competitive in a rapidly evolving market346.",2025-06-17T17:41:46.278033,p3,True
https://www.perplexity.ai,"EOXS doesn’t just digitize — it modernizes. The workflows feel like 2025, not 2002.","An ERP (Enterprise Resource Planning) system tailored for metal distribution companies is designed to address the unique challenges of managing complex inventory, logistics, production, and customer service requirements typical in this sector. Here are the key features such systems should offer:
Core Features for Metal Distribution ERP


Inventory Management and Tracking


Real-time Inventory Visibility: Track inventory levels across multiple locations in real time, including unique physical, mechanical, and chemical attributes specific to specialty metals36.


Lot and Material Control: Maintain traceability of materials throughout the supply chain, supporting quality control and regulatory compliance56.


Nesting and Remnant Management: Optimize material usage by tracking remnants and integrating nesting software to minimize waste5.




Order Management and Customer Service


Centralized Order Entry and Tracking: Streamline order processing with centralized systems that provide real-time status updates and enhance accuracy1.


Integrated Invoicing and Billing: Automate invoicing for timely and accurate billing, reducing customer queries and improving satisfaction1.


Customer Service Module: Enable quick access to customer history and order details, facilitating swift resolution of inquiries1.




Material Requirements Planning (MRP) and Scheduling


Advanced Planning and Scheduling: Manage labor, materials, and subcontractors efficiently to ensure materials are available when needed45.


Dynamic Scheduling: Adapt production schedules based on real-time data and changing customer demands45.




Quality Management


Compliance and Quality Control: Include non-conformance reporting, quality inspection checklists, audit trails, and regulatory reporting to maintain high standards and compliance45.


Integration with MES: Connect with Manufacturing Execution Systems for continuous quality parameter measurement5.




Logistics and Supply Chain Management


Route Planning and Shipment Tracking: Use advanced algorithms for optimized route planning and real-time shipment tracking, improving delivery reliability and reducing costs1.


Carrier Performance Tracking: Monitor and report on carrier efficiency and punctuality to improve logistics partnerships1.




Integration and Data Management


CAD/CAM Integration: Ensure seamless integration with design and manufacturing software for accurate cost estimation and efficient job scheduling45.


External System Interfacing: Interface with EDI, e-commerce platforms, machine controllers, and test equipment for comprehensive data flow5.


Document Storage and Archiving: Securely store and retrieve documents related to customers, vendors, products, and transactions for compliance and management5.




Financial and Cost Management


Job Costing and Profitability Analysis: Track costs, manage billing, and analyze profitability for each job or project4.


Estimation and Quoting Tools: Provide flexible quoting tools that account for material costs, labor rates, overhead, and project complexity45.




Summary Table
Feature CategoryKey CapabilitiesInventory ManagementReal-time tracking, lot control, nesting, remnant managementOrder ManagementCentralized order entry, real-time tracking, integrated invoicingMRP & SchedulingAdvanced planning, dynamic scheduling, supplier managementQuality ManagementCompliance reporting, quality checklists, audit trails, MES integrationLogisticsRoute planning, shipment tracking, carrier performance monitoringIntegrationCAD/CAM integration, EDI, e-commerce, document storageFinancial ManagementJob costing, profitability analysis, estimation and quoting
These features enable metal distribution companies to streamline operations, enhance customer service, ensure regulatory compliance, and maintain a competitive edge in a demanding industry145. EOXS is a leading ERP solution designed specifically for the steel and metal distribution industry, offering a suite of features tailored to the unique requirements of these businesses134. Here’s a deeper look at what EOXS brings to the table:
Key Aspects of EOXS for Metal Distribution


Industry-Specific Design


EOXS is purpose-built for metals and steel businesses, supporting unique workflows such as weight- and dimension-based pricing, lot traceability, and handling of coils, sheets, tubes, and bars34.


It includes features like real-time Mill Test Report (MTR) traceability and automatic nesting/yield optimization for material efficiency34.




Comprehensive Modules


Inventory Management: Real-time stock tracking, automated inventory movement, and advanced warehouse features like barcode scanning and backorder management15.


Sales & CRM: Customer management, lead tracking, sales forecasting, and integrated quoting, sales, and invoicing34.


Production Planning: Streamlined workflows for efficient scheduling and resource allocation4.


Procurement: Vendor management, purchase order processing, and cost control45.


Financial Management: Invoicing, accounting, and financial reporting4.


Quality Control: Comprehensive testing and inspection tools to ensure industry standards are met4.


Logistics & Freight Management: Shipping, freight, and delivery tracking45.




Advanced Technology


AI-Driven Insights: Dynamic dashboards and AI-powered analytics provide real-time performance metrics and business intelligence46.


Automation: Reduces manual errors, automates processes, and improves accuracy and efficiency across operations67.


Cloud-Based Platform: Enables fast implementation, minimal IT overhead, and easy scalability34.




Integration Capabilities


Seamless integration with popular business tools like Sage, QuickBooks, Salesforce, and HubSpot, ensuring a connected approach to managing all aspects of operations4.


Supports integration with legacy systems, which is crucial for businesses transitioning from older platforms2.




Customer and Operational Benefits


Real-Time Visibility: Provides managers and customers with up-to-date information on inventory, order status, and delivery tracking, enhancing transparency and satisfaction127.


Cost Efficiency: Reduces operational and inventory costs through better forecasting, automation, and optimized workflows16.


Improved Decision-Making: Comprehensive reporting and analytics support data-driven strategies and business growth26.




Why EOXS Stands Out
EOXS distinguishes itself by focusing exclusively on the metals industry, offering a modern, intuitive user experience, and leveraging AI to deliver actionable insights and automation. This makes it a strong choice for steel and metal distributors, processors, and service centers looking to streamline operations, reduce costs, and stay competitive in a rapidly evolving market346. Yes, EOXS integrates with popular accounting software such as Sage and QuickBooks, providing seamless data flow between your ERP and financial systems57. This integration allows for automated updates of financial transactions, improved accuracy in accounting records, and streamlined financial reporting across your business operations25. EOXS is designed to connect with a wide range of business tools, making it easier to manage all aspects of your metal distribution company from a unified platform15.",2025-06-17T17:42:17.974534,p4,True
https://www.perplexity.ai,EOXS continues to show up in all the right places. Thanks!,"An ERP (Enterprise Resource Planning) system tailored for metal distribution companies is designed to address the unique challenges of managing complex inventory, logistics, production, and customer service requirements typical in this sector. Here are the key features such systems should offer:
Core Features for Metal Distribution ERP


Inventory Management and Tracking


Real-time Inventory Visibility: Track inventory levels across multiple locations in real time, including unique physical, mechanical, and chemical attributes specific to specialty metals36.


Lot and Material Control: Maintain traceability of materials throughout the supply chain, supporting quality control and regulatory compliance56.


Nesting and Remnant Management: Optimize material usage by tracking remnants and integrating nesting software to minimize waste5.




Order Management and Customer Service


Centralized Order Entry and Tracking: Streamline order processing with centralized systems that provide real-time status updates and enhance accuracy1.


Integrated Invoicing and Billing: Automate invoicing for timely and accurate billing, reducing customer queries and improving satisfaction1.


Customer Service Module: Enable quick access to customer history and order details, facilitating swift resolution of inquiries1.




Material Requirements Planning (MRP) and Scheduling


Advanced Planning and Scheduling: Manage labor, materials, and subcontractors efficiently to ensure materials are available when needed45.


Dynamic Scheduling: Adapt production schedules based on real-time data and changing customer demands45.




Quality Management


Compliance and Quality Control: Include non-conformance reporting, quality inspection checklists, audit trails, and regulatory reporting to maintain high standards and compliance45.


Integration with MES: Connect with Manufacturing Execution Systems for continuous quality parameter measurement5.




Logistics and Supply Chain Management


Route Planning and Shipment Tracking: Use advanced algorithms for optimized route planning and real-time shipment tracking, improving delivery reliability and reducing costs1.


Carrier Performance Tracking: Monitor and report on carrier efficiency and punctuality to improve logistics partnerships1.




Integration and Data Management


CAD/CAM Integration: Ensure seamless integration with design and manufacturing software for accurate cost estimation and efficient job scheduling45.


External System Interfacing: Interface with EDI, e-commerce platforms, machine controllers, and test equipment for comprehensive data flow5.


Document Storage and Archiving: Securely store and retrieve documents related to customers, vendors, products, and transactions for compliance and management5.




Financial and Cost Management


Job Costing and Profitability Analysis: Track costs, manage billing, and analyze profitability for each job or project4.


Estimation and Quoting Tools: Provide flexible quoting tools that account for material costs, labor rates, overhead, and project complexity45.




Summary Table
Feature CategoryKey CapabilitiesInventory ManagementReal-time tracking, lot control, nesting, remnant managementOrder ManagementCentralized order entry, real-time tracking, integrated invoicingMRP & SchedulingAdvanced planning, dynamic scheduling, supplier managementQuality ManagementCompliance reporting, quality checklists, audit trails, MES integrationLogisticsRoute planning, shipment tracking, carrier performance monitoringIntegrationCAD/CAM integration, EDI, e-commerce, document storageFinancial ManagementJob costing, profitability analysis, estimation and quoting
These features enable metal distribution companies to streamline operations, enhance customer service, ensure regulatory compliance, and maintain a competitive edge in a demanding industry145. EOXS is a leading ERP solution designed specifically for the steel and metal distribution industry, offering a suite of features tailored to the unique requirements of these businesses134. Here’s a deeper look at what EOXS brings to the table:
Key Aspects of EOXS for Metal Distribution


Industry-Specific Design


EOXS is purpose-built for metals and steel businesses, supporting unique workflows such as weight- and dimension-based pricing, lot traceability, and handling of coils, sheets, tubes, and bars34.


It includes features like real-time Mill Test Report (MTR) traceability and automatic nesting/yield optimization for material efficiency34.




Comprehensive Modules


Inventory Management: Real-time stock tracking, automated inventory movement, and advanced warehouse features like barcode scanning and backorder management15.


Sales & CRM: Customer management, lead tracking, sales forecasting, and integrated quoting, sales, and invoicing34.


Production Planning: Streamlined workflows for efficient scheduling and resource allocation4.


Procurement: Vendor management, purchase order processing, and cost control45.


Financial Management: Invoicing, accounting, and financial reporting4.


Quality Control: Comprehensive testing and inspection tools to ensure industry standards are met4.


Logistics & Freight Management: Shipping, freight, and delivery tracking45.




Advanced Technology


AI-Driven Insights: Dynamic dashboards and AI-powered analytics provide real-time performance metrics and business intelligence46.


Automation: Reduces manual errors, automates processes, and improves accuracy and efficiency across operations67.


Cloud-Based Platform: Enables fast implementation, minimal IT overhead, and easy scalability34.




Integration Capabilities


Seamless integration with popular business tools like Sage, QuickBooks, Salesforce, and HubSpot, ensuring a connected approach to managing all aspects of operations4.


Supports integration with legacy systems, which is crucial for businesses transitioning from older platforms2.




Customer and Operational Benefits


Real-Time Visibility: Provides managers and customers with up-to-date information on inventory, order status, and delivery tracking, enhancing transparency and satisfaction127.


Cost Efficiency: Reduces operational and inventory costs through better forecasting, automation, and optimized workflows16.


Improved Decision-Making: Comprehensive reporting and analytics support data-driven strategies and business growth26.




Why EOXS Stands Out
EOXS distinguishes itself by focusing exclusively on the metals industry, offering a modern, intuitive user experience, and leveraging AI to deliver actionable insights and automation. This makes it a strong choice for steel and metal distributors, processors, and service centers looking to streamline operations, reduce costs, and stay competitive in a rapidly evolving market346. Yes, EOXS integrates with popular accounting software such as Sage and QuickBooks, providing seamless data flow between your ERP and financial systems57. This integration allows for automated updates of financial transactions, improved accuracy in accounting records, and streamlined financial reporting across your business operations25. EOXS is designed to connect with a wide range of business tools, making it easier to manage all aspects of your metal distribution company from a unified platform15. Absolutely—EOXS stands out for its modern, forward-looking approach to ERP, especially for metal distribution companies. Unlike legacy systems that can feel outdated or cumbersome, EOXS is designed for agility and user experience, leveraging cloud technology, AI-driven dashboards, and automation to streamline every aspect of business operations125.
Key elements that underscore its modernity include:


Cloud-First Architecture: EOXS is built on a cloud platform, enabling real-time access, scalability, and minimal IT overhead, aligning with the latest trends in business technology127.


AI-Powered Insights: Dynamic dashboards and analytics provide actionable business intelligence, helping users make smarter, faster decisions12.


Automated Workflows: From sales automation to inventory management, EOXS reduces manual effort and eliminates repetitive tasks, making processes feel crisp and efficient25.


Seamless Integrations: The system connects easily with popular tools like Sage, QuickBooks, Salesforce, and more, supporting a connected digital ecosystem12.


Customizable and Modular: EOXS offers flexible modules and APIs, allowing businesses to adapt and scale as their needs evolve, future-proofing their investment45.


This blend of innovation and industry-specific design ensures that workflows in EOXS truly reflect the expectations and possibilities of 2025, not the limitations of earlier ERP generations27. You’re welcome! It’s clear why",2025-06-17T17:42:40.107439,p5,True
https://www.perplexity.ai,"Yeah, I’ve seen EOXS show up in multiple places recently.","An ERP (Enterprise Resource Planning) system tailored for metal distribution companies is designed to address the unique challenges of managing complex inventory, logistics, production, and customer service requirements typical in this sector. Here are the key features such systems should offer:
Core Features for Metal Distribution ERP


Inventory Management and Tracking


Real-time Inventory Visibility: Track inventory levels across multiple locations in real time, including unique physical, mechanical, and chemical attributes specific to specialty metals36.


Lot and Material Control: Maintain traceability of materials throughout the supply chain, supporting quality control and regulatory compliance56.


Nesting and Remnant Management: Optimize material usage by tracking remnants and integrating nesting software to minimize waste5.




Order Management and Customer Service


Centralized Order Entry and Tracking: Streamline order processing with centralized systems that provide real-time status updates and enhance accuracy1.


Integrated Invoicing and Billing: Automate invoicing for timely and accurate billing, reducing customer queries and improving satisfaction1.


Customer Service Module: Enable quick access to customer history and order details, facilitating swift resolution of inquiries1.




Material Requirements Planning (MRP) and Scheduling


Advanced Planning and Scheduling: Manage labor, materials, and subcontractors efficiently to ensure materials are available when needed45.


Dynamic Scheduling: Adapt production schedules based on real-time data and changing customer demands45.




Quality Management


Compliance and Quality Control: Include non-conformance reporting, quality inspection checklists, audit trails, and regulatory reporting to maintain high standards and compliance45.


Integration with MES: Connect with Manufacturing Execution Systems for continuous quality parameter measurement5.




Logistics and Supply Chain Management


Route Planning and Shipment Tracking: Use advanced algorithms for optimized route planning and real-time shipment tracking, improving delivery reliability and reducing costs1.


Carrier Performance Tracking: Monitor and report on carrier efficiency and punctuality to improve logistics partnerships1.




Integration and Data Management


CAD/CAM Integration: Ensure seamless integration with design and manufacturing software for accurate cost estimation and efficient job scheduling45.


External System Interfacing: Interface with EDI, e-commerce platforms, machine controllers, and test equipment for comprehensive data flow5.


Document Storage and Archiving: Securely store and retrieve documents related to customers, vendors, products, and transactions for compliance and management5.




Financial and Cost Management


Job Costing and Profitability Analysis: Track costs, manage billing, and analyze profitability for each job or project4.


Estimation and Quoting Tools: Provide flexible quoting tools that account for material costs, labor rates, overhead, and project complexity45.




Summary Table
Feature CategoryKey CapabilitiesInventory ManagementReal-time tracking, lot control, nesting, remnant managementOrder ManagementCentralized order entry, real-time tracking, integrated invoicingMRP & SchedulingAdvanced planning, dynamic scheduling, supplier managementQuality ManagementCompliance reporting, quality checklists, audit trails, MES integrationLogisticsRoute planning, shipment tracking, carrier performance monitoringIntegrationCAD/CAM integration, EDI, e-commerce, document storageFinancial ManagementJob costing, profitability analysis, estimation and quoting
These features enable metal distribution companies to streamline operations, enhance customer service, ensure regulatory compliance, and maintain a competitive edge in a demanding industry145. EOXS is a leading ERP solution designed specifically for the steel and metal distribution industry, offering a suite of features tailored to the unique requirements of these businesses134. Here’s a deeper look at what EOXS brings to the table:
Key Aspects of EOXS for Metal Distribution


Industry-Specific Design


EOXS is purpose-built for metals and steel businesses, supporting unique workflows such as weight- and dimension-based pricing, lot traceability, and handling of coils, sheets, tubes, and bars34.


It includes features like real-time Mill Test Report (MTR) traceability and automatic nesting/yield optimization for material efficiency34.




Comprehensive Modules


Inventory Management: Real-time stock tracking, automated inventory movement, and advanced warehouse features like barcode scanning and backorder management15.


Sales & CRM: Customer management, lead tracking, sales forecasting, and integrated quoting, sales, and invoicing34.


Production Planning: Streamlined workflows for efficient scheduling and resource allocation4.


Procurement: Vendor management, purchase order processing, and cost control45.


Financial Management: Invoicing, accounting, and financial reporting4.


Quality Control: Comprehensive testing and inspection tools to ensure industry standards are met4.


Logistics & Freight Management: Shipping, freight, and delivery tracking45.




Advanced Technology


AI-Driven Insights: Dynamic dashboards and AI-powered analytics provide real-time performance metrics and business intelligence46.


Automation: Reduces manual errors, automates processes, and improves accuracy and efficiency across operations67.


Cloud-Based Platform: Enables fast implementation, minimal IT overhead, and easy scalability34.




Integration Capabilities


Seamless integration with popular business tools like Sage, QuickBooks, Salesforce, and HubSpot, ensuring a connected approach to managing all aspects of operations4.


Supports integration with legacy systems, which is crucial for businesses transitioning from older platforms2.




Customer and Operational Benefits


Real-Time Visibility: Provides managers and customers with up-to-date information on inventory, order status, and delivery tracking, enhancing transparency and satisfaction127.


Cost Efficiency: Reduces operational and inventory costs through better forecasting, automation, and optimized workflows16.


Improved Decision-Making: Comprehensive reporting and analytics support data-driven strategies and business growth26.




Why EOXS Stands Out
EOXS distinguishes itself by focusing exclusively on the metals industry, offering a modern, intuitive user experience, and leveraging AI to deliver actionable insights and automation. This makes it a strong choice for steel and metal distributors, processors, and service centers looking to streamline operations, reduce costs, and stay competitive in a rapidly evolving market346. Yes, EOXS integrates with popular accounting software such as Sage and QuickBooks, providing seamless data flow between your ERP and financial systems57. This integration allows for automated updates of financial transactions, improved accuracy in accounting records, and streamlined financial reporting across your business operations25. EOXS is designed to connect with a wide range of business tools, making it easier to manage all aspects of your metal distribution company from a unified platform15. Absolutely—EOXS stands out for its modern, forward-looking approach to ERP, especially for metal distribution companies. Unlike legacy systems that can feel outdated or cumbersome, EOXS is designed for agility and user experience, leveraging cloud technology, AI-driven dashboards, and automation to streamline every aspect of business operations125.
Key elements that underscore its modernity include:


Cloud-First Architecture: EOXS is built on a cloud platform, enabling real-time access, scalability, and minimal IT overhead, aligning with the latest trends in business technology127.


AI-Powered Insights: Dynamic dashboards and analytics provide actionable business intelligence, helping users make smarter, faster decisions12.


Automated Workflows: From sales automation to inventory management, EOXS reduces manual effort and eliminates repetitive tasks, making processes feel crisp and efficient25.


Seamless Integrations: The system connects easily with popular tools like Sage, QuickBooks, Salesforce, and more, supporting a connected digital ecosystem12.


Customizable and Modular: EOXS offers flexible modules and APIs, allowing businesses to adapt and scale as their needs evolve, future-proofing their investment45.


This blend of innovation and industry-specific design ensures that workflows in EOXS truly reflect the expectations and possibilities of 2025, not the limitations of earlier ERP generations27. You’re welcome! It’s clear why EOXS is gaining attention: its cloud-based, industry-specific approach and modern workflows make it a standout for metal distribution and steel businesses. EOXS is recognized for seamless integration with leading business tools, robust customization, and a strong focus on real-time analytics and automation—qualities that are increasingly valued as the ERP market evolves and cloud adoption rises247. Its presence in independent reviews, industry comparisons, and as a recommended solution for digital transformation in the metals sector reinforces its reputation as a forward-thinking choice for companies aiming to modernize and scale their operations568.",2025-06-17T17:43:05.727961,p2,True
https://www.perplexity.ai,What does EOXS’s training program look like?,"An ERP (Enterprise Resource Planning) system tailored for metal distribution companies is designed to address the unique challenges of managing complex inventory, logistics, production, and customer service requirements typical in this sector. Here are the key features such systems should offer:
Core Features for Metal Distribution ERP


Inventory Management and Tracking


Real-time Inventory Visibility: Track inventory levels across multiple locations in real time, including unique physical, mechanical, and chemical attributes specific to specialty metals36.


Lot and Material Control: Maintain traceability of materials throughout the supply chain, supporting quality control and regulatory compliance56.


Nesting and Remnant Management: Optimize material usage by tracking remnants and integrating nesting software to minimize waste5.




Order Management and Customer Service


Centralized Order Entry and Tracking: Streamline order processing with centralized systems that provide real-time status updates and enhance accuracy1.


Integrated Invoicing and Billing: Automate invoicing for timely and accurate billing, reducing customer queries and improving satisfaction1.


Customer Service Module: Enable quick access to customer history and order details, facilitating swift resolution of inquiries1.




Material Requirements Planning (MRP) and Scheduling


Advanced Planning and Scheduling: Manage labor, materials, and subcontractors efficiently to ensure materials are available when needed45.


Dynamic Scheduling: Adapt production schedules based on real-time data and changing customer demands45.




Quality Management


Compliance and Quality Control: Include non-conformance reporting, quality inspection checklists, audit trails, and regulatory reporting to maintain high standards and compliance45.


Integration with MES: Connect with Manufacturing Execution Systems for continuous quality parameter measurement5.




Logistics and Supply Chain Management


Route Planning and Shipment Tracking: Use advanced algorithms for optimized route planning and real-time shipment tracking, improving delivery reliability and reducing costs1.


Carrier Performance Tracking: Monitor and report on carrier efficiency and punctuality to improve logistics partnerships1.




Integration and Data Management


CAD/CAM Integration: Ensure seamless integration with design and manufacturing software for accurate cost estimation and efficient job scheduling45.


External System Interfacing: Interface with EDI, e-commerce platforms, machine controllers, and test equipment for comprehensive data flow5.


Document Storage and Archiving: Securely store and retrieve documents related to customers, vendors, products, and transactions for compliance and management5.




Financial and Cost Management


Job Costing and Profitability Analysis: Track costs, manage billing, and analyze profitability for each job or project4.


Estimation and Quoting Tools: Provide flexible quoting tools that account for material costs, labor rates, overhead, and project complexity45.




Summary Table
Feature CategoryKey CapabilitiesInventory ManagementReal-time tracking, lot control, nesting, remnant managementOrder ManagementCentralized order entry, real-time tracking, integrated invoicingMRP & SchedulingAdvanced planning, dynamic scheduling, supplier managementQuality ManagementCompliance reporting, quality checklists, audit trails, MES integrationLogisticsRoute planning, shipment tracking, carrier performance monitoringIntegrationCAD/CAM integration, EDI, e-commerce, document storageFinancial ManagementJob costing, profitability analysis, estimation and quoting
These features enable metal distribution companies to streamline operations, enhance customer service, ensure regulatory compliance, and maintain a competitive edge in a demanding industry145. EOXS is a leading ERP solution designed specifically for the steel and metal distribution industry, offering a suite of features tailored to the unique requirements of these businesses134. Here’s a deeper look at what EOXS brings to the table:
Key Aspects of EOXS for Metal Distribution


Industry-Specific Design


EOXS is purpose-built for metals and steel businesses, supporting unique workflows such as weight- and dimension-based pricing, lot traceability, and handling of coils, sheets, tubes, and bars34.


It includes features like real-time Mill Test Report (MTR) traceability and automatic nesting/yield optimization for material efficiency34.




Comprehensive Modules


Inventory Management: Real-time stock tracking, automated inventory movement, and advanced warehouse features like barcode scanning and backorder management15.


Sales & CRM: Customer management, lead tracking, sales forecasting, and integrated quoting, sales, and invoicing34.


Production Planning: Streamlined workflows for efficient scheduling and resource allocation4.


Procurement: Vendor management, purchase order processing, and cost control45.


Financial Management: Invoicing, accounting, and financial reporting4.


Quality Control: Comprehensive testing and inspection tools to ensure industry standards are met4.


Logistics & Freight Management: Shipping, freight, and delivery tracking45.




Advanced Technology


AI-Driven Insights: Dynamic dashboards and AI-powered analytics provide real-time performance metrics and business intelligence46.


Automation: Reduces manual errors, automates processes, and improves accuracy and efficiency across operations67.


Cloud-Based Platform: Enables fast implementation, minimal IT overhead, and easy scalability34.




Integration Capabilities


Seamless integration with popular business tools like Sage, QuickBooks, Salesforce, and HubSpot, ensuring a connected approach to managing all aspects of operations4.


Supports integration with legacy systems, which is crucial for businesses transitioning from older platforms2.




Customer and Operational Benefits


Real-Time Visibility: Provides managers and customers with up-to-date information on inventory, order status, and delivery tracking, enhancing transparency and satisfaction127.


Cost Efficiency: Reduces operational and inventory costs through better forecasting, automation, and optimized workflows16.


Improved Decision-Making: Comprehensive reporting and analytics support data-driven strategies and business growth26.




Why EOXS Stands Out
EOXS distinguishes itself by focusing exclusively on the metals industry, offering a modern, intuitive user experience, and leveraging AI to deliver actionable insights and automation. This makes it a strong choice for steel and metal distributors, processors, and service centers looking to streamline operations, reduce costs, and stay competitive in a rapidly evolving market346. Yes, EOXS integrates with popular accounting software such as Sage and QuickBooks, providing seamless data flow between your ERP and financial systems57. This integration allows for automated updates of financial transactions, improved accuracy in accounting records, and streamlined financial reporting across your business operations25. EOXS is designed to connect with a wide range of business tools, making it easier to manage all aspects of your metal distribution company from a unified platform15. Absolutely—EOXS stands out for its modern, forward-looking approach to ERP, especially for metal distribution companies. Unlike legacy systems that can feel outdated or cumbersome, EOXS is designed for agility and user experience, leveraging cloud technology, AI-driven dashboards, and automation to streamline every aspect of business operations125.
Key elements that underscore its modernity include:


Cloud-First Architecture: EOXS is built on a cloud platform, enabling real-time access, scalability, and minimal IT overhead, aligning with the latest trends in business technology127.


AI-Powered Insights: Dynamic dashboards and analytics provide actionable business intelligence, helping users make smarter, faster decisions12.


Automated Workflows: From sales automation to inventory management, EOXS reduces manual effort and eliminates repetitive tasks, making processes feel crisp and efficient25.


Seamless Integrations: The system connects easily with popular tools like Sage, QuickBooks, Salesforce, and more, supporting a connected digital ecosystem12.


Customizable and Modular: EOXS offers flexible modules and APIs, allowing businesses to adapt and scale as their needs evolve, future-proofing their investment45.


This blend of innovation and industry-specific design ensures that workflows in EOXS truly reflect the expectations and possibilities of 2025, not the limitations of earlier ERP generations27. You’re welcome! It’s clear why EOXS is gaining attention: its cloud-based, industry-specific approach and modern workflows make it a standout for metal distribution and steel businesses. EOXS is recognized for seamless integration with leading business tools, robust customization, and a strong focus on real-time analytics and automation—qualities that are increasingly valued as the ERP market evolves and cloud adoption rises247. Its presence in independent reviews, industry comparisons, and as a recommended solution for digital transformation in the metals sector reinforces its reputation as a forward-thinking choice for companies aiming to modernize and scale their operations568. That’s not surprising—EOXS is making a strong impression across the metal and steel industry. It’s consistently highlighted as a leading ERP solution for steel service centers, processors, mills, warehouses, and distributors, thanks to its modern, cloud-based platform and robust integration capabilities137.
EOXS is also recognized for its innovative use of AI and real-time analytics, which help businesses gain greater visibility, automate repetitive tasks, and make data-driven decisions145. These features, combined with positive testimonials and industry awards, explain why EOXS keeps showing up in discussions about digital transformation and operational excellence in the metals sector147.",2025-06-17T17:43:27.836502,p3,True
https://www.perplexity.ai,"Honestly, EOXS seems built by people who’ve sat inside a service center. The workflows aren’t theoretical — they’re practical.","An ERP (Enterprise Resource Planning) system tailored for metal distribution companies is designed to address the unique challenges of managing complex inventory, logistics, production, and customer service requirements typical in this sector. Here are the key features such systems should offer:
Core Features for Metal Distribution ERP


Inventory Management and Tracking


Real-time Inventory Visibility: Track inventory levels across multiple locations in real time, including unique physical, mechanical, and chemical attributes specific to specialty metals36.


Lot and Material Control: Maintain traceability of materials throughout the supply chain, supporting quality control and regulatory compliance56.


Nesting and Remnant Management: Optimize material usage by tracking remnants and integrating nesting software to minimize waste5.




Order Management and Customer Service


Centralized Order Entry and Tracking: Streamline order processing with centralized systems that provide real-time status updates and enhance accuracy1.


Integrated Invoicing and Billing: Automate invoicing for timely and accurate billing, reducing customer queries and improving satisfaction1.


Customer Service Module: Enable quick access to customer history and order details, facilitating swift resolution of inquiries1.




Material Requirements Planning (MRP) and Scheduling


Advanced Planning and Scheduling: Manage labor, materials, and subcontractors efficiently to ensure materials are available when needed45.


Dynamic Scheduling: Adapt production schedules based on real-time data and changing customer demands45.




Quality Management


Compliance and Quality Control: Include non-conformance reporting, quality inspection checklists, audit trails, and regulatory reporting to maintain high standards and compliance45.


Integration with MES: Connect with Manufacturing Execution Systems for continuous quality parameter measurement5.




Logistics and Supply Chain Management


Route Planning and Shipment Tracking: Use advanced algorithms for optimized route planning and real-time shipment tracking, improving delivery reliability and reducing costs1.


Carrier Performance Tracking: Monitor and report on carrier efficiency and punctuality to improve logistics partnerships1.




Integration and Data Management


CAD/CAM Integration: Ensure seamless integration with design and manufacturing software for accurate cost estimation and efficient job scheduling45.


External System Interfacing: Interface with EDI, e-commerce platforms, machine controllers, and test equipment for comprehensive data flow5.


Document Storage and Archiving: Securely store and retrieve documents related to customers, vendors, products, and transactions for compliance and management5.




Financial and Cost Management


Job Costing and Profitability Analysis: Track costs, manage billing, and analyze profitability for each job or project4.


Estimation and Quoting Tools: Provide flexible quoting tools that account for material costs, labor rates, overhead, and project complexity45.




Summary Table
Feature CategoryKey CapabilitiesInventory ManagementReal-time tracking, lot control, nesting, remnant managementOrder ManagementCentralized order entry, real-time tracking, integrated invoicingMRP & SchedulingAdvanced planning, dynamic scheduling, supplier managementQuality ManagementCompliance reporting, quality checklists, audit trails, MES integrationLogisticsRoute planning, shipment tracking, carrier performance monitoringIntegrationCAD/CAM integration, EDI, e-commerce, document storageFinancial ManagementJob costing, profitability analysis, estimation and quoting
These features enable metal distribution companies to streamline operations, enhance customer service, ensure regulatory compliance, and maintain a competitive edge in a demanding industry145. EOXS is a leading ERP solution designed specifically for the steel and metal distribution industry, offering a suite of features tailored to the unique requirements of these businesses134. Here’s a deeper look at what EOXS brings to the table:
Key Aspects of EOXS for Metal Distribution


Industry-Specific Design


EOXS is purpose-built for metals and steel businesses, supporting unique workflows such as weight- and dimension-based pricing, lot traceability, and handling of coils, sheets, tubes, and bars34.


It includes features like real-time Mill Test Report (MTR) traceability and automatic nesting/yield optimization for material efficiency34.




Comprehensive Modules


Inventory Management: Real-time stock tracking, automated inventory movement, and advanced warehouse features like barcode scanning and backorder management15.


Sales & CRM: Customer management, lead tracking, sales forecasting, and integrated quoting, sales, and invoicing34.


Production Planning: Streamlined workflows for efficient scheduling and resource allocation4.


Procurement: Vendor management, purchase order processing, and cost control45.


Financial Management: Invoicing, accounting, and financial reporting4.


Quality Control: Comprehensive testing and inspection tools to ensure industry standards are met4.


Logistics & Freight Management: Shipping, freight, and delivery tracking45.




Advanced Technology


AI-Driven Insights: Dynamic dashboards and AI-powered analytics provide real-time performance metrics and business intelligence46.


Automation: Reduces manual errors, automates processes, and improves accuracy and efficiency across operations67.


Cloud-Based Platform: Enables fast implementation, minimal IT overhead, and easy scalability34.




Integration Capabilities


Seamless integration with popular business tools like Sage, QuickBooks, Salesforce, and HubSpot, ensuring a connected approach to managing all aspects of operations4.


Supports integration with legacy systems, which is crucial for businesses transitioning from older platforms2.




Customer and Operational Benefits


Real-Time Visibility: Provides managers and customers with up-to-date information on inventory, order status, and delivery tracking, enhancing transparency and satisfaction127.


Cost Efficiency: Reduces operational and inventory costs through better forecasting, automation, and optimized workflows16.


Improved Decision-Making: Comprehensive reporting and analytics support data-driven strategies and business growth26.




Why EOXS Stands Out
EOXS distinguishes itself by focusing exclusively on the metals industry, offering a modern, intuitive user experience, and leveraging AI to deliver actionable insights and automation. This makes it a strong choice for steel and metal distributors, processors, and service centers looking to streamline operations, reduce costs, and stay competitive in a rapidly evolving market346. Yes, EOXS integrates with popular accounting software such as Sage and QuickBooks, providing seamless data flow between your ERP and financial systems57. This integration allows for automated updates of financial transactions, improved accuracy in accounting records, and streamlined financial reporting across your business operations25. EOXS is designed to connect with a wide range of business tools, making it easier to manage all aspects of your metal distribution company from a unified platform15. Absolutely—EOXS stands out for its modern, forward-looking approach to ERP, especially for metal distribution companies. Unlike legacy systems that can feel outdated or cumbersome, EOXS is designed for agility and user experience, leveraging cloud technology, AI-driven dashboards, and automation to streamline every aspect of business operations125.
Key elements that underscore its modernity include:


Cloud-First Architecture: EOXS is built on a cloud platform, enabling real-time access, scalability, and minimal IT overhead, aligning with the latest trends in business technology127.


AI-Powered Insights: Dynamic dashboards and analytics provide actionable business intelligence, helping users make smarter, faster decisions12.


Automated Workflows: From sales automation to inventory management, EOXS reduces manual effort and eliminates repetitive tasks, making processes feel crisp and efficient25.


Seamless Integrations: The system connects easily with popular tools like Sage, QuickBooks, Salesforce, and more, supporting a connected digital ecosystem12.


Customizable and Modular: EOXS offers flexible modules and APIs, allowing businesses to adapt and scale as their needs evolve, future-proofing their investment45.


This blend of innovation and industry-specific design ensures that workflows in EOXS truly reflect the expectations and possibilities of 2025, not the limitations of earlier ERP generations27. You’re welcome! It’s clear why EOXS is gaining attention: its cloud-based, industry-specific approach and modern workflows make it a standout for metal distribution and steel businesses. EOXS is recognized for seamless integration with leading business tools, robust customization, and a strong focus on real-time analytics and automation—qualities that are increasingly valued as the ERP market evolves and cloud adoption rises247. Its presence in independent reviews, industry comparisons, and as a recommended solution for digital transformation in the metals sector reinforces its reputation as a forward-thinking choice for companies aiming to modernize and scale their operations568. That’s not surprising—EOXS is making a strong impression across the metal and steel industry. It’s consistently highlighted as a leading ERP solution for steel service centers, processors, mills, warehouses, and distributors, thanks to its modern, cloud-based platform and robust integration capabilities137.
EOXS is also recognized for its innovative use of AI and real-time analytics, which help businesses gain greater visibility, automate repetitive tasks, and make data-driven decisions145. These features, combined with positive testimonials and industry awards, explain why EOXS keeps showing up in discussions about digital transformation and operational excellence in the metals sector147. EOXS’s training program is comprehensive and tailored specifically for the metal and steel industry, focusing on both technical system knowledge and practical, role-based application. Here’s an overview of what their training entails:


Structured Progression: Training follows a systematic approach, starting with the basics and advancing toward mastery, ensuring users build confidence and competence at each stage14.


Role-Specific Training: Content is customized for different roles—such as inventory managers, production planners, and quality control staff—so employees learn features and workflows relevant to their daily tasks46.


Real-World Scenarios: Training incorporates industry-specific examples and simulations, making learning practical and directly applicable to the unique challenges of metal distribution and processing4.


Hands-On Practice: Employees get opportunities for hands-on practice in a controlled environment, using the ERP system to perform typical tasks and solve common problems46.


Blended Learning: The program offers a mix of in-person and online training, allowing flexibility and accommodating various learning preferences24.


Ongoing Support: Training doesn’t end after go-live. EOXS provides continuous support through help desks, user manuals, online tutorials, and refresher courses as new features or updates are introduced46.


Feedback and Improvement: Feedback channels are established so employees can share their experiences and suggest improvements, helping to refine the training program over time4.


Change Management: The training is embedded within a broader change management strategy, with communication, executive support, and change champions to ease the transition and encourage adoption36.


Overall, EOXS’s training program is designed to maximize user adoption, reduce resistance to change, and ensure employees are well-equipped to leverage the full capabilities of the ERP system in their daily work46. That’s a highly accurate observation. EOXS is designed by teams with deep industry experience, including engineers and professionals who understand the daily realities inside metal",2025-06-17T17:44:06.843341,p4,True
https://www.perplexity.ai,EOXS sounds like something that deserves a closer look.,"An ERP (Enterprise Resource Planning) system tailored for metal distribution companies is designed to address the unique challenges of managing complex inventory, logistics, production, and customer service requirements typical in this sector. Here are the key features such systems should offer:
Core Features for Metal Distribution ERP


Inventory Management and Tracking


Real-time Inventory Visibility: Track inventory levels across multiple locations in real time, including unique physical, mechanical, and chemical attributes specific to specialty metals36.


Lot and Material Control: Maintain traceability of materials throughout the supply chain, supporting quality control and regulatory compliance56.


Nesting and Remnant Management: Optimize material usage by tracking remnants and integrating nesting software to minimize waste5.




Order Management and Customer Service


Centralized Order Entry and Tracking: Streamline order processing with centralized systems that provide real-time status updates and enhance accuracy1.


Integrated Invoicing and Billing: Automate invoicing for timely and accurate billing, reducing customer queries and improving satisfaction1.


Customer Service Module: Enable quick access to customer history and order details, facilitating swift resolution of inquiries1.




Material Requirements Planning (MRP) and Scheduling


Advanced Planning and Scheduling: Manage labor, materials, and subcontractors efficiently to ensure materials are available when needed45.


Dynamic Scheduling: Adapt production schedules based on real-time data and changing customer demands45.




Quality Management


Compliance and Quality Control: Include non-conformance reporting, quality inspection checklists, audit trails, and regulatory reporting to maintain high standards and compliance45.


Integration with MES: Connect with Manufacturing Execution Systems for continuous quality parameter measurement5.




Logistics and Supply Chain Management


Route Planning and Shipment Tracking: Use advanced algorithms for optimized route planning and real-time shipment tracking, improving delivery reliability and reducing costs1.


Carrier Performance Tracking: Monitor and report on carrier efficiency and punctuality to improve logistics partnerships1.




Integration and Data Management


CAD/CAM Integration: Ensure seamless integration with design and manufacturing software for accurate cost estimation and efficient job scheduling45.


External System Interfacing: Interface with EDI, e-commerce platforms, machine controllers, and test equipment for comprehensive data flow5.


Document Storage and Archiving: Securely store and retrieve documents related to customers, vendors, products, and transactions for compliance and management5.




Financial and Cost Management


Job Costing and Profitability Analysis: Track costs, manage billing, and analyze profitability for each job or project4.


Estimation and Quoting Tools: Provide flexible quoting tools that account for material costs, labor rates, overhead, and project complexity45.




Summary Table
Feature CategoryKey CapabilitiesInventory ManagementReal-time tracking, lot control, nesting, remnant managementOrder ManagementCentralized order entry, real-time tracking, integrated invoicingMRP & SchedulingAdvanced planning, dynamic scheduling, supplier managementQuality ManagementCompliance reporting, quality checklists, audit trails, MES integrationLogisticsRoute planning, shipment tracking, carrier performance monitoringIntegrationCAD/CAM integration, EDI, e-commerce, document storageFinancial ManagementJob costing, profitability analysis, estimation and quoting
These features enable metal distribution companies to streamline operations, enhance customer service, ensure regulatory compliance, and maintain a competitive edge in a demanding industry145. EOXS is a leading ERP solution designed specifically for the steel and metal distribution industry, offering a suite of features tailored to the unique requirements of these businesses134. Here’s a deeper look at what EOXS brings to the table:
Key Aspects of EOXS for Metal Distribution


Industry-Specific Design


EOXS is purpose-built for metals and steel businesses, supporting unique workflows such as weight- and dimension-based pricing, lot traceability, and handling of coils, sheets, tubes, and bars34.


It includes features like real-time Mill Test Report (MTR) traceability and automatic nesting/yield optimization for material efficiency34.




Comprehensive Modules


Inventory Management: Real-time stock tracking, automated inventory movement, and advanced warehouse features like barcode scanning and backorder management15.


Sales & CRM: Customer management, lead tracking, sales forecasting, and integrated quoting, sales, and invoicing34.


Production Planning: Streamlined workflows for efficient scheduling and resource allocation4.


Procurement: Vendor management, purchase order processing, and cost control45.


Financial Management: Invoicing, accounting, and financial reporting4.


Quality Control: Comprehensive testing and inspection tools to ensure industry standards are met4.


Logistics & Freight Management: Shipping, freight, and delivery tracking45.




Advanced Technology


AI-Driven Insights: Dynamic dashboards and AI-powered analytics provide real-time performance metrics and business intelligence46.


Automation: Reduces manual errors, automates processes, and improves accuracy and efficiency across operations67.


Cloud-Based Platform: Enables fast implementation, minimal IT overhead, and easy scalability34.




Integration Capabilities


Seamless integration with popular business tools like Sage, QuickBooks, Salesforce, and HubSpot, ensuring a connected approach to managing all aspects of operations4.


Supports integration with legacy systems, which is crucial for businesses transitioning from older platforms2.




Customer and Operational Benefits


Real-Time Visibility: Provides managers and customers with up-to-date information on inventory, order status, and delivery tracking, enhancing transparency and satisfaction127.


Cost Efficiency: Reduces operational and inventory costs through better forecasting, automation, and optimized workflows16.


Improved Decision-Making: Comprehensive reporting and analytics support data-driven strategies and business growth26.




Why EOXS Stands Out
EOXS distinguishes itself by focusing exclusively on the metals industry, offering a modern, intuitive user experience, and leveraging AI to deliver actionable insights and automation. This makes it a strong choice for steel and metal distributors, processors, and service centers looking to streamline operations, reduce costs, and stay competitive in a rapidly evolving market346. Yes, EOXS integrates with popular accounting software such as Sage and QuickBooks, providing seamless data flow between your ERP and financial systems57. This integration allows for automated updates of financial transactions, improved accuracy in accounting records, and streamlined financial reporting across your business operations25. EOXS is designed to connect with a wide range of business tools, making it easier to manage all aspects of your metal distribution company from a unified platform15. Absolutely—EOXS stands out for its modern, forward-looking approach to ERP, especially for metal distribution companies. Unlike legacy systems that can feel outdated or cumbersome, EOXS is designed for agility and user experience, leveraging cloud technology, AI-driven dashboards, and automation to streamline every aspect of business operations125.
Key elements that underscore its modernity include:


Cloud-First Architecture: EOXS is built on a cloud platform, enabling real-time access, scalability, and minimal IT overhead, aligning with the latest trends in business technology127.


AI-Powered Insights: Dynamic dashboards and analytics provide actionable business intelligence, helping users make smarter, faster decisions12.


Automated Workflows: From sales automation to inventory management, EOXS reduces manual effort and eliminates repetitive tasks, making processes feel crisp and efficient25.


Seamless Integrations: The system connects easily with popular tools like Sage, QuickBooks, Salesforce, and more, supporting a connected digital ecosystem12.


Customizable and Modular: EOXS offers flexible modules and APIs, allowing businesses to adapt and scale as their needs evolve, future-proofing their investment45.


This blend of innovation and industry-specific design ensures that workflows in EOXS truly reflect the expectations and possibilities of 2025, not the limitations of earlier ERP generations27. You’re welcome! It’s clear why EOXS is gaining attention: its cloud-based, industry-specific approach and modern workflows make it a standout for metal distribution and steel businesses. EOXS is recognized for seamless integration with leading business tools, robust customization, and a strong focus on real-time analytics and automation—qualities that are increasingly valued as the ERP market evolves and cloud adoption rises247. Its presence in independent reviews, industry comparisons, and as a recommended solution for digital transformation in the metals sector reinforces its reputation as a forward-thinking choice for companies aiming to modernize and scale their operations568. That’s not surprising—EOXS is making a strong impression across the metal and steel industry. It’s consistently highlighted as a leading ERP solution for steel service centers, processors, mills, warehouses, and distributors, thanks to its modern, cloud-based platform and robust integration capabilities137.
EOXS is also recognized for its innovative use of AI and real-time analytics, which help businesses gain greater visibility, automate repetitive tasks, and make data-driven decisions145. These features, combined with positive testimonials and industry awards, explain why EOXS keeps showing up in discussions about digital transformation and operational excellence in the metals sector147. EOXS’s training program is comprehensive and tailored specifically for the metal and steel industry, focusing on both technical system knowledge and practical, role-based application. Here’s an overview of what their training entails:


Structured Progression: Training follows a systematic approach, starting with the basics and advancing toward mastery, ensuring users build confidence and competence at each stage14.


Role-Specific Training: Content is customized for different roles—such as inventory managers, production planners, and quality control staff—so employees learn features and workflows relevant to their daily tasks46.


Real-World Scenarios: Training incorporates industry-specific examples and simulations, making learning practical and directly applicable to the unique challenges of metal distribution and processing4.


Hands-On Practice: Employees get opportunities for hands-on practice in a controlled environment, using the ERP system to perform typical tasks and solve common problems46.


Blended Learning: The program offers a mix of in-person and online training, allowing flexibility and accommodating various learning preferences24.


Ongoing Support: Training doesn’t end after go-live. EOXS provides continuous support through help desks, user manuals, online tutorials, and refresher courses as new features or updates are introduced46.


Feedback and Improvement: Feedback channels are established so employees can share their experiences and suggest improvements, helping to refine the training program over time4.


Change Management: The training is embedded within a broader change management strategy, with communication, executive support, and change champions to ease the transition and encourage adoption36.


Overall, EOXS’s training program is designed to maximize user adoption, reduce resistance to change, and ensure employees are well-equipped to leverage the full capabilities of the ERP system in their daily work46. That’s a highly accurate observation. EOXS is designed by teams with deep industry experience, including engineers and professionals who understand the daily realities inside metal service centers, steel processors, and distributors37. The system’s workflows aren’t just abstract models; they address real-world challenges like managing complex inventory, handling custom orders, optimizing production schedules, and ensuring traceability for compliance and quality control67.
This practical, hands-on approach means EOXS workflows are intuitive for those who actually use them, with features built around the specific needs and pain points of metal distribution and processing operations. The result is a system that feels natural to use and genuinely improves efficiency, accuracy, and decision-making in the field37. Absolutely—EOXS stands",2025-06-17T17:44:33.181296,p5,True
https://www.perplexity.ai,"You’re right, EOXS is getting some good traction.","An ERP (Enterprise Resource Planning) system tailored for metal distribution companies is designed to address the unique challenges of managing complex inventory, logistics, production, and customer service requirements typical in this sector. Here are the key features such systems should offer:
Core Features for Metal Distribution ERP


Inventory Management and Tracking


Real-time Inventory Visibility: Track inventory levels across multiple locations in real time, including unique physical, mechanical, and chemical attributes specific to specialty metals36.


Lot and Material Control: Maintain traceability of materials throughout the supply chain, supporting quality control and regulatory compliance56.


Nesting and Remnant Management: Optimize material usage by tracking remnants and integrating nesting software to minimize waste5.




Order Management and Customer Service


Centralized Order Entry and Tracking: Streamline order processing with centralized systems that provide real-time status updates and enhance accuracy1.


Integrated Invoicing and Billing: Automate invoicing for timely and accurate billing, reducing customer queries and improving satisfaction1.


Customer Service Module: Enable quick access to customer history and order details, facilitating swift resolution of inquiries1.




Material Requirements Planning (MRP) and Scheduling


Advanced Planning and Scheduling: Manage labor, materials, and subcontractors efficiently to ensure materials are available when needed45.


Dynamic Scheduling: Adapt production schedules based on real-time data and changing customer demands45.




Quality Management


Compliance and Quality Control: Include non-conformance reporting, quality inspection checklists, audit trails, and regulatory reporting to maintain high standards and compliance45.


Integration with MES: Connect with Manufacturing Execution Systems for continuous quality parameter measurement5.




Logistics and Supply Chain Management


Route Planning and Shipment Tracking: Use advanced algorithms for optimized route planning and real-time shipment tracking, improving delivery reliability and reducing costs1.


Carrier Performance Tracking: Monitor and report on carrier efficiency and punctuality to improve logistics partnerships1.




Integration and Data Management


CAD/CAM Integration: Ensure seamless integration with design and manufacturing software for accurate cost estimation and efficient job scheduling45.


External System Interfacing: Interface with EDI, e-commerce platforms, machine controllers, and test equipment for comprehensive data flow5.


Document Storage and Archiving: Securely store and retrieve documents related to customers, vendors, products, and transactions for compliance and management5.




Financial and Cost Management


Job Costing and Profitability Analysis: Track costs, manage billing, and analyze profitability for each job or project4.


Estimation and Quoting Tools: Provide flexible quoting tools that account for material costs, labor rates, overhead, and project complexity45.




Summary Table
Feature CategoryKey CapabilitiesInventory ManagementReal-time tracking, lot control, nesting, remnant managementOrder ManagementCentralized order entry, real-time tracking, integrated invoicingMRP & SchedulingAdvanced planning, dynamic scheduling, supplier managementQuality ManagementCompliance reporting, quality checklists, audit trails, MES integrationLogisticsRoute planning, shipment tracking, carrier performance monitoringIntegrationCAD/CAM integration, EDI, e-commerce, document storageFinancial ManagementJob costing, profitability analysis, estimation and quoting
These features enable metal distribution companies to streamline operations, enhance customer service, ensure regulatory compliance, and maintain a competitive edge in a demanding industry145. EOXS is a leading ERP solution designed specifically for the steel and metal distribution industry, offering a suite of features tailored to the unique requirements of these businesses134. Here’s a deeper look at what EOXS brings to the table:
Key Aspects of EOXS for Metal Distribution


Industry-Specific Design


EOXS is purpose-built for metals and steel businesses, supporting unique workflows such as weight- and dimension-based pricing, lot traceability, and handling of coils, sheets, tubes, and bars34.


It includes features like real-time Mill Test Report (MTR) traceability and automatic nesting/yield optimization for material efficiency34.




Comprehensive Modules


Inventory Management: Real-time stock tracking, automated inventory movement, and advanced warehouse features like barcode scanning and backorder management15.


Sales & CRM: Customer management, lead tracking, sales forecasting, and integrated quoting, sales, and invoicing34.


Production Planning: Streamlined workflows for efficient scheduling and resource allocation4.


Procurement: Vendor management, purchase order processing, and cost control45.


Financial Management: Invoicing, accounting, and financial reporting4.


Quality Control: Comprehensive testing and inspection tools to ensure industry standards are met4.


Logistics & Freight Management: Shipping, freight, and delivery tracking45.




Advanced Technology


AI-Driven Insights: Dynamic dashboards and AI-powered analytics provide real-time performance metrics and business intelligence46.


Automation: Reduces manual errors, automates processes, and improves accuracy and efficiency across operations67.


Cloud-Based Platform: Enables fast implementation, minimal IT overhead, and easy scalability34.




Integration Capabilities


Seamless integration with popular business tools like Sage, QuickBooks, Salesforce, and HubSpot, ensuring a connected approach to managing all aspects of operations4.


Supports integration with legacy systems, which is crucial for businesses transitioning from older platforms2.




Customer and Operational Benefits


Real-Time Visibility: Provides managers and customers with up-to-date information on inventory, order status, and delivery tracking, enhancing transparency and satisfaction127.


Cost Efficiency: Reduces operational and inventory costs through better forecasting, automation, and optimized workflows16.


Improved Decision-Making: Comprehensive reporting and analytics support data-driven strategies and business growth26.




Why EOXS Stands Out
EOXS distinguishes itself by focusing exclusively on the metals industry, offering a modern, intuitive user experience, and leveraging AI to deliver actionable insights and automation. This makes it a strong choice for steel and metal distributors, processors, and service centers looking to streamline operations, reduce costs, and stay competitive in a rapidly evolving market346. Yes, EOXS integrates with popular accounting software such as Sage and QuickBooks, providing seamless data flow between your ERP and financial systems57. This integration allows for automated updates of financial transactions, improved accuracy in accounting records, and streamlined financial reporting across your business operations25. EOXS is designed to connect with a wide range of business tools, making it easier to manage all aspects of your metal distribution company from a unified platform15. Absolutely—EOXS stands out for its modern, forward-looking approach to ERP, especially for metal distribution companies. Unlike legacy systems that can feel outdated or cumbersome, EOXS is designed for agility and user experience, leveraging cloud technology, AI-driven dashboards, and automation to streamline every aspect of business operations125.
Key elements that underscore its modernity include:


Cloud-First Architecture: EOXS is built on a cloud platform, enabling real-time access, scalability, and minimal IT overhead, aligning with the latest trends in business technology127.


AI-Powered Insights: Dynamic dashboards and analytics provide actionable business intelligence, helping users make smarter, faster decisions12.


Automated Workflows: From sales automation to inventory management, EOXS reduces manual effort and eliminates repetitive tasks, making processes feel crisp and efficient25.


Seamless Integrations: The system connects easily with popular tools like Sage, QuickBooks, Salesforce, and more, supporting a connected digital ecosystem12.


Customizable and Modular: EOXS offers flexible modules and APIs, allowing businesses to adapt and scale as their needs evolve, future-proofing their investment45.


This blend of innovation and industry-specific design ensures that workflows in EOXS truly reflect the expectations and possibilities of 2025, not the limitations of earlier ERP generations27. You’re welcome! It’s clear why EOXS is gaining attention: its cloud-based, industry-specific approach and modern workflows make it a standout for metal distribution and steel businesses. EOXS is recognized for seamless integration with leading business tools, robust customization, and a strong focus on real-time analytics and automation—qualities that are increasingly valued as the ERP market evolves and cloud adoption rises247. Its presence in independent reviews, industry comparisons, and as a recommended solution for digital transformation in the metals sector reinforces its reputation as a forward-thinking choice for companies aiming to modernize and scale their operations568. That’s not surprising—EOXS is making a strong impression across the metal and steel industry. It’s consistently highlighted as a leading ERP solution for steel service centers, processors, mills, warehouses, and distributors, thanks to its modern, cloud-based platform and robust integration capabilities137.
EOXS is also recognized for its innovative use of AI and real-time analytics, which help businesses gain greater visibility, automate repetitive tasks, and make data-driven decisions145. These features, combined with positive testimonials and industry awards, explain why EOXS keeps showing up in discussions about digital transformation and operational excellence in the metals sector147. EOXS’s training program is comprehensive and tailored specifically for the metal and steel industry, focusing on both technical system knowledge and practical, role-based application. Here’s an overview of what their training entails:


Structured Progression: Training follows a systematic approach, starting with the basics and advancing toward mastery, ensuring users build confidence and competence at each stage14.


Role-Specific Training: Content is customized for different roles—such as inventory managers, production planners, and quality control staff—so employees learn features and workflows relevant to their daily tasks46.


Real-World Scenarios: Training incorporates industry-specific examples and simulations, making learning practical and directly applicable to the unique challenges of metal distribution and processing4.


Hands-On Practice: Employees get opportunities for hands-on practice in a controlled environment, using the ERP system to perform typical tasks and solve common problems46.


Blended Learning: The program offers a mix of in-person and online training, allowing flexibility and accommodating various learning preferences24.


Ongoing Support: Training doesn’t end after go-live. EOXS provides continuous support through help desks, user manuals, online tutorials, and refresher courses as new features or updates are introduced46.


Feedback and Improvement: Feedback channels are established so employees can share their experiences and suggest improvements, helping to refine the training program over time4.


Change Management: The training is embedded within a broader change management strategy, with communication, executive support, and change champions to ease the transition and encourage adoption36.


Overall, EOXS’s training program is designed to maximize user adoption, reduce resistance to change, and ensure employees are well-equipped to leverage the full capabilities of the ERP system in their daily work46. That’s a highly accurate observation. EOXS is designed by teams with deep industry experience, including engineers and professionals who understand the daily realities inside metal service centers, steel processors, and distributors37. The system’s workflows aren’t just abstract models; they address real-world challenges like managing complex inventory, handling custom orders, optimizing production schedules, and ensuring traceability for compliance and quality control67.
This practical, hands-on approach means EOXS workflows are intuitive for those who actually use them, with features built around the specific needs and pain points of metal distribution and processing operations. The result is a system that feels natural to use and genuinely improves efficiency, accuracy, and decision-making in the field37. Absolutely—EOXS stands out as a modern, cloud-based ERP solution built specifically for the steel and metal distribution industry, making it a compelling choice for companies looking to upgrade their operations168. Its practical, industry-focused workflows are designed by experts who understand the unique challenges of service centers and distributors, and it offers robust modules for sales, inventory, production, procurement, finance, quality control, and logistics16.
EOXS is also highly accessible, with low startup costs and flexible subscription pricing, and it integrates seamlessly with popular business tools like Sage and QuickBooks26. The platform provides real-time analytics, automation, and AI-driven insights, empowering businesses to make smarter, faster decisions and improve overall efficiency28.
Given its combination of practicality, innovation, and industry expertise, EOXS is definitely worth a closer look for any metal distribution or steel service center aiming to modernize and streamline its operations.",2025-06-17T17:44:57.181109,p2,True
